trial,estimate_value
1,0.12722274055871852
2,-0.5533308280766348
3,-0.3026547613064017
4,1.4533629860222088
5,0.25415451240216536
6,-0.40604614874065914
7,-0.09132007312615231
8,-0.15002104299872576
9,0.2823686072040894
10,0.8020486873275494
11,-0.7876653054075192
12,0.13365817919186068
13,-0.7375061971031691
14,-0.7508326697774568
15,-0.46378241797265785
16,-1.026590904864557
17,0.0177813073177584
18,0.3748566397881705
19,-0.5786146859493109
20,1.6880537777078977
21,-0.1879548838160896
22,0.6718271851348921
23,-0.7517787567835255
24,0.04484557194850114
25,-0.64756591748411
26,-1.4301923246357828
27,0.4881839489200219
28,-0.6477832233394654
29,0.32251066032750525
30,0.7080053894152947
31,-0.21138367934744728
32,0.3636891209733837
33,0.2538221816466589
34,-0.6429543717595837
35,-1.6849172389252312
36,-0.5543914614658929
37,0.434354174516447
38,-0.0044592242107478475
39,1.155217822644771
40,0.389028241723929
41,0.5779414158468572
42,-0.47420105947206714
43,0.27178622207456304
44,-0.22272970333128256
45,-1.337814655736677
46,1.3811536103647637
47,-1.0293802948221151
48,0.015402993134664672
49,-0.6662615175886211
50,1.2222868211096622
51,0.07221420117137245
52,-0.4495354237266718
53,0.8276801030930737
54,-0.5062326347568211
55,-1.043536076346812
56,-0.8760451630330441
57,-0.3016425652248973
58,-0.8248633469210371
59,1.2612419188514001
60,-0.5095032056317663
61,-0.21950209274530252
62,1.052684404775855
63,-0.5085106109453581
64,-0.38963185341340634
65,-0.41641349036766284
66,1.117385415860966
67,-0.6217397800729209
68,0.133603445034139
69,0.9545245834004319
70,-0.29157354966077
71,-0.41400603592042695
72,-0.13649181433626478
73,-0.05429715820812819
74,-0.5677126388640006
75,0.24191288617811635
76,0.7019343547017944
77,-0.34611160767984755
78,0.4576457884427012
79,0.5219066788562408
80,-1.0059368050710225
81,-0.8147768486799722
82,-0.8716216933129564
83,0.9867114543869556
84,-1.2867813781215036
85,-1.23239569917006
86,0.6766570790819891
87,-0.18875842275079968
88,-1.0181853094670235
89,-0.17826651070720456
90,-0.927608370179039
91,-1.306660221118824
92,-0.8759527511989474
93,-0.9798902439468762
94,0.5957052766251909
95,-0.6170869525936769
96,-0.7845929553497717
97,0.03567535830358537
98,-0.9382504047594401
99,0.7828217239813764
100,-0.0873327033825686
101,-0.7030077262195161
102,-0.4052461402377632
103,-1.147719776751925
104,-1.3121457178566653
105,0.058519284014065365
106,0.5994375321907806
107,-0.4772280361101955
108,-0.036713668833257995
109,0.48113718453694543
110,0.09684124082765844
111,1.4908244293373611
112,0.012218552156069207
113,0.1682374839294983
114,-1.1500115054423445
115,0.660703703059071
116,0.3952001683016144
117,-0.5871678343924709
118,0.505455568765085
119,-0.8620131431080624
120,0.30907008053392304
121,-0.5219280526383561
122,-0.2531609338222034
123,0.5055813191823867
124,-0.18005970954049078
125,-0.16730679363462697
126,-0.020596801503407147
127,-0.5202035133450182
128,-0.7894133992796958
129,-0.6486492242954308
130,-0.6876215746009577
131,1.0909762188642964
132,-1.191905706620116
133,0.139599337399125
134,0.8432641316365127
135,-0.5038190313997934
136,0.3973449769077826
137,-0.043708392299778964
138,-3.096408811942161
139,-0.42761923433875326
140,-0.19650873515306122
141,0.39257838100921183
142,0.45546428547328177
143,-0.8259486555183992
144,0.0033628779530612274
145,-0.5295635532157088
146,-0.25995963059304383
147,0.2958971353896272
148,-1.494480193542369
149,0.11166882063563865
150,0.27445528831900057
151,-0.19914995343086284
152,-1.3552903751880063
153,0.5018276740615323
154,-0.22849762631789322
155,0.35252523146533093
156,0.06886911346287983
157,-0.9660263384375181
158,-0.08008252689308393
159,0.47125447297464307
160,-0.3638509491450314
161,0.1328001421541998
162,0.3402089747899586
163,-1.10697366339875
164,-0.8080408360792994
165,-0.2582394863181128
166,0.2684567216013021
167,-1.291212654616272
168,-0.7965128029755277
169,0.8366024033661353
170,-1.1651505695033082
171,-0.20851291216031564
172,0.9112979964840158
173,-1.1598870604242144
174,-0.2507043849277428
175,0.022992783557951313
176,-0.037486022110210904
177,-1.0906581272554252
178,1.3730308127843645
179,0.4376932910144051
180,-0.3475661780406961
181,-0.03473591727985936
182,-0.32105573008376564
183,0.37214086519990913
184,-0.12443834063235282
185,-0.8999702471589706
186,-0.4221449287767972
187,0.39434683351720745
188,-0.7495515356919535
189,-2.4588787274438295
190,-0.6080857570892741
191,0.5763754752957375
192,-0.8360953228859276
193,-0.2868689184526155
194,-0.39757486487447086
195,-0.902854000799957
196,-1.330765255637136
197,-1.5060475665196695
198,-0.8278132547472918
199,-1.1116225213476085
200,0.20329612536597919
201,0.7368536512257338
202,-0.7128526037311395
203,-1.5116671760043916
204,0.10537179130205065
205,0.030897925221192724
206,-0.7142472082031089
207,-0.017342869143541995
208,-0.8329296927296433
209,0.09190101810330331
210,-0.779155148054548
211,-0.3992046343293892
212,-1.3766841356734671
213,-1.0067356790837754
214,0.2826058882853697
215,-1.6831372466100007
216,1.0404180787953374
217,0.6476282012134529
218,-1.6259416713411916
219,0.23499782800220048
220,-0.994175991077819
221,0.11836641464574815
222,-1.2769316802715007
223,-0.335745116517858
224,-1.2068284597978878
225,-0.5040075779176303
226,-1.2986534727983554
227,0.13552258714202603
228,-0.01622511309997532
229,-0.25478051859267836
230,-0.2320898541116796
231,-0.6740363646006416
232,0.2600472364369292
233,-1.721627796879471
234,1.2901452501358575
235,0.103893025675653
236,-1.3699266798682892
237,-0.5683139334310706
238,0.0915941099287354
239,-0.5140936056914347
240,-0.7957235451466207
241,0.43729639291408307
242,-1.1836941941829697
243,0.5846473334364432
244,0.29383105934329856
245,-0.6988849876303661
246,-1.6252302932027076
247,-0.7329179287572887
248,-0.48649371830794114
249,-0.01657900029597903
250,-1.2214762378710489
251,-1.0883196473894907
252,0.4143565816490058
253,0.04749815816114056
254,0.04541196403343806
255,-0.6176680494732342
256,0.8283591055208812
257,0.35259361115260435
258,-0.49565307748807175
259,-0.2300469091341766
260,0.6480938460981945
261,-0.039448829191325085
262,-0.27478151770854276
263,-0.8247339851173427
264,0.2081621767221919
265,-0.06738322672365976
266,-1.382414044477542
267,-0.04083428020878477
268,-0.3350160145291914
269,0.25110101122669415
270,-0.9711616829985472
271,-0.7679781533137012
272,-1.1166982805104166
273,0.10956190104600161
274,0.4151449794277392
275,-0.639687719332464
276,-1.1556534484582655
277,-1.0681107117971826
278,-0.6009362832864236
279,0.400405967327196
280,-0.7438214959650391
281,0.25113499956221297
282,-0.30649316719290254
283,-1.0477825202639677
284,-0.3129968346307297
285,-1.3524179402150207
286,0.3688771645815873
287,-0.05386356524760183
288,-0.6335090616421006
289,-1.2987025636647425
290,0.01581898464678777
291,-0.23081206729131076
292,-2.711491617398054
293,-0.4771155473685766
294,0.4262228548433884
295,-0.3256000035038792
296,-0.5519570485890064
297,-3.072933793945933
298,0.2687670958754713
299,-0.3675076133712877
300,0.24501741414810918
